window_start,Site,Chemical,Concentration
1988-01-01,MPR,k_mean,NA
1988-01-01,MPR,mg_mean,NA
1988-01-01,MPR,ca_mean,NA
1988-01-01,MPR,nh4_mean,NA
1988-01-01,MPR,no3_mean,NA
1988-03-04,MPR,k_mean,NA
1988-03-04,MPR,mg_mean,NA
1988-03-04,MPR,ca_mean,NA
1988-03-04,MPR,nh4_mean,NA
1988-03-04,MPR,no3_mean,NA
1988-05-06,MPR,k_mean,NA
1988-05-06,MPR,mg_mean,NA
1988-05-06,MPR,ca_mean,NA
1988-05-06,MPR,nh4_mean,NA
1988-05-06,MPR,no3_mean,NA
1988-07-08,MPR,k_mean,NA
1988-07-08,MPR,mg_mean,NA
1988-07-08,MPR,ca_mean,NA
1988-07-08,MPR,nh4_mean,NA
1988-07-08,MPR,no3_mean,NA
1988-09-09,MPR,k_mean,NA
1988-09-09,MPR,mg_mean,NA
1988-09-09,MPR,ca_mean,NA
1988-09-09,MPR,nh4_mean,NA
1988-09-09,MPR,no3_mean,NA
1988-11-11,MPR,k_mean,NA
1988-11-11,MPR,mg_mean,NA
1988-11-11,MPR,ca_mean,NA
1988-11-11,MPR,nh4_mean,NA
1988-11-11,MPR,no3_mean,NA
1989-01-13,MPR,k_mean,NA
1989-01-13,MPR,mg_mean,NA
1989-01-13,MPR,ca_mean,NA
1989-01-13,MPR,nh4_mean,NA
1989-01-13,MPR,no3_mean,NA
1989-03-17,MPR,k_mean,0.77
1989-03-17,MPR,mg_mean,1.92
1989-03-17,MPR,ca_mean,6.15
1989-03-17,MPR,nh4_mean,NA
1989-03-17,MPR,no3_mean,69
1989-05-19,MPR,k_mean,0.675
1989-05-19,MPR,mg_mean,1.965
1989-05-19,MPR,ca_mean,6.525
1989-05-19,MPR,nh4_mean,NA
1989-05-19,MPR,no3_mean,58.285714285714285
1989-07-21,MPR,k_mean,0.6614285714285714
1989-07-21,MPR,mg_mean,1.5783333333333334
1989-07-21,MPR,ca_mean,6.252857142857143
1989-07-21,MPR,nh4_mean,NA
1989-07-21,MPR,no3_mean,73.71428571428571
1989-09-22,MPR,k_mean,1.21
1989-09-22,MPR,mg_mean,2.194
1989-09-22,MPR,ca_mean,6.906
1989-09-22,MPR,nh4_mean,NA
1989-09-22,MPR,no3_mean,263.5
1989-11-24,MPR,k_mean,0.9
1989-11-24,MPR,mg_mean,2.5187500000000003
1989-11-24,MPR,ca_mean,9.15375
1989-11-24,MPR,nh4_mean,NA
1989-11-24,MPR,no3_mean,85.85714285714286
1990-01-26,MPR,k_mean,1.0855555555555556
1990-01-26,MPR,mg_mean,2.048888888888889
1990-01-26,MPR,ca_mean,8.305
1990-01-26,MPR,nh4_mean,NA
1990-01-26,MPR,no3_mean,243.88888888888889
1990-03-30,MPR,k_mean,0.9944444444444445
1990-03-30,MPR,mg_mean,2.207777777777778
1990-03-30,MPR,ca_mean,9.503333333333334
1990-03-30,MPR,nh4_mean,NA
1990-03-30,MPR,no3_mean,130.11111111111111
1990-06-01,MPR,k_mean,0.9299999999999999
1990-06-01,MPR,mg_mean,2.0355555555555553
1990-06-01,MPR,ca_mean,8.523333333333333
1990-06-01,MPR,nh4_mean,NA
1990-06-01,MPR,no3_mean,175.66666666666666
1990-08-03,MPR,k_mean,0.8422222222222222
1990-08-03,MPR,mg_mean,2.1055555555555556
1990-08-03,MPR,ca_mean,9.421111111111111
1990-08-03,MPR,nh4_mean,NA
1990-08-03,MPR,no3_mean,128.88888888888889
1990-10-05,MPR,k_mean,0.7633333333333333
1990-10-05,MPR,mg_mean,1.7955555555555556
1990-10-05,MPR,ca_mean,6.92
1990-10-05,MPR,nh4_mean,NA
1990-10-05,MPR,no3_mean,142.125
1990-12-07,MPR,k_mean,0.6488888888888888
1990-12-07,MPR,mg_mean,2.25
1990-12-07,MPR,ca_mean,7.6322222222222225
1990-12-07,MPR,nh4_mean,NA
1990-12-07,MPR,no3_mean,139
1991-02-08,MPR,k_mean,0.92125
1991-02-08,MPR,mg_mean,1.9975
1991-02-08,MPR,ca_mean,7.551428571428572
1991-02-08,MPR,nh4_mean,NA
1991-02-08,MPR,no3_mean,105.57142857142857
1991-04-12,MPR,k_mean,0.77
1991-04-12,MPR,mg_mean,0.86875
1991-04-12,MPR,ca_mean,4.635
1991-04-12,MPR,nh4_mean,NA
1991-04-12,MPR,no3_mean,52.22222222222222
1991-06-14,MPR,k_mean,0.77375
1991-06-14,MPR,mg_mean,1.96875
1991-06-14,MPR,ca_mean,6.26
1991-06-14,MPR,nh4_mean,NA
1991-06-14,MPR,no3_mean,57.125
1991-08-16,MPR,k_mean,0.8388888888888889
1991-08-16,MPR,mg_mean,2.4766666666666666
1991-08-16,MPR,ca_mean,8.877777777777778
1991-08-16,MPR,nh4_mean,NA
1991-08-16,MPR,no3_mean,106
1991-10-18,MPR,k_mean,0.655
1991-10-18,MPR,mg_mean,1.77375
1991-10-18,MPR,ca_mean,5.67
1991-10-18,MPR,nh4_mean,NA
1991-10-18,MPR,no3_mean,101.44444444444444
1991-12-20,MPR,k_mean,0.8244444444444444
1991-12-20,MPR,mg_mean,2.183333333333333
1991-12-20,MPR,ca_mean,9.377777777777778
1991-12-20,MPR,nh4_mean,NA
1991-12-20,MPR,no3_mean,117.77777777777777
1992-02-21,MPR,k_mean,0.9188888888888889
1992-02-21,MPR,mg_mean,2.7511111111111113
1992-02-21,MPR,ca_mean,9.365
1992-02-21,MPR,nh4_mean,NA
1992-02-21,MPR,no3_mean,107.375
1992-04-24,MPR,k_mean,0.8366666666666667
1992-04-24,MPR,mg_mean,1.7522222222222221
1992-04-24,MPR,ca_mean,7.101111111111111
1992-04-24,MPR,nh4_mean,NA
1992-04-24,MPR,no3_mean,54.625
1992-06-26,MPR,k_mean,0.7933333333333333
1992-06-26,MPR,mg_mean,2.1577777777777776
1992-06-26,MPR,ca_mean,8.5
1992-06-26,MPR,nh4_mean,NA
1992-06-26,MPR,no3_mean,43.666666666666664
1992-08-28,MPR,k_mean,0.9
1992-08-28,MPR,mg_mean,2.4855555555555555
1992-08-28,MPR,ca_mean,10.154444444444444
1992-08-28,MPR,nh4_mean,NA
1992-08-28,MPR,no3_mean,46.44444444444444
1992-10-30,MPR,k_mean,0.62
1992-10-30,MPR,mg_mean,1.5975
1992-10-30,MPR,ca_mean,6.53125
1992-10-30,MPR,nh4_mean,NA
1992-10-30,MPR,no3_mean,35.166666666666664
1993-01-01,MPR,k_mean,0.7222222222222222
1993-01-01,MPR,mg_mean,1.981111111111111
1993-01-01,MPR,ca_mean,7.802222222222222
1993-01-01,MPR,nh4_mean,NA
1993-01-01,MPR,no3_mean,78
1993-03-05,MPR,k_mean,0.8533333333333334
1993-03-05,MPR,mg_mean,2.3055555555555554
1993-03-05,MPR,ca_mean,9.028888888888888
1993-03-05,MPR,nh4_mean,NA
1993-03-05,MPR,no3_mean,80.22222222222223
1993-05-07,MPR,k_mean,0.8077777777777778
1993-05-07,MPR,mg_mean,2.051111111111111
1993-05-07,MPR,ca_mean,8.234444444444444
1993-05-07,MPR,nh4_mean,NA
1993-05-07,MPR,no3_mean,55.333333333333336
1993-07-09,MPR,k_mean,0.8075
1993-07-09,MPR,mg_mean,1.97375
1993-07-09,MPR,ca_mean,8.455
1993-07-09,MPR,nh4_mean,NA
1993-07-09,MPR,no3_mean,50.75
1993-09-10,MPR,k_mean,0.6866666666666666
1993-09-10,MPR,mg_mean,1.9444444444444444
1993-09-10,MPR,ca_mean,7.8822222222222225
1993-09-10,MPR,nh4_mean,NA
1993-09-10,MPR,no3_mean,38.888888888888886
1993-11-12,MPR,k_mean,0.5988888888888889
1993-11-12,MPR,mg_mean,1.5222222222222221
1993-11-12,MPR,ca_mean,6.6
1993-11-12,MPR,nh4_mean,NA
1993-11-12,MPR,no3_mean,33.2
1994-01-14,MPR,k_mean,0.6366666666666667
1994-01-14,MPR,mg_mean,1.8822222222222222
1994-01-14,MPR,ca_mean,8
1994-01-14,MPR,nh4_mean,NA
1994-01-14,MPR,no3_mean,6.333333333333333
1994-03-18,MPR,k_mean,0.7588888888888888
1994-03-18,MPR,mg_mean,2.1155555555555554
1994-03-18,MPR,ca_mean,9.256666666666666
1994-03-18,MPR,nh4_mean,NA
1994-03-18,MPR,no3_mean,18.4
1994-05-20,MPR,k_mean,0.8277777777777777
1994-05-20,MPR,mg_mean,2.3544444444444443
1994-05-20,MPR,ca_mean,8.94111111111111
1994-05-20,MPR,nh4_mean,NA
1994-05-20,MPR,no3_mean,24.75
1994-07-22,MPR,k_mean,0.8722222222222222
1994-07-22,MPR,mg_mean,2.428888888888889
1994-07-22,MPR,ca_mean,9.212222222222222
1994-07-22,MPR,nh4_mean,NA
1994-07-22,MPR,no3_mean,179
1994-09-23,MPR,k_mean,0.7644444444444445
1994-09-23,MPR,mg_mean,1.93
1994-09-23,MPR,ca_mean,8.956666666666667
1994-09-23,MPR,nh4_mean,NA
1994-09-23,MPR,no3_mean,NA
1994-11-25,MPR,k_mean,0.7111111111111111
1994-11-25,MPR,mg_mean,2.256666666666667
1994-11-25,MPR,ca_mean,8.879999999999999
1994-11-25,MPR,nh4_mean,NA
1994-11-25,MPR,no3_mean,43
1988-01-01,Q1,k_mean,0.8066666666666666
1988-01-01,Q1,mg_mean,2.1926666666666668
1988-01-01,Q1,ca_mean,3.42
1988-01-01,Q1,nh4_mean,27.533333333333335
1988-01-01,Q1,no3_mean,155.06666666666666
1988-03-04,Q1,k_mean,0.89
1988-03-04,Q1,mg_mean,1.976875
1988-03-04,Q1,ca_mean,3.084375
1988-03-04,Q1,nh4_mean,22.125
1988-03-04,Q1,no3_mean,207.8125
1988-05-06,Q1,k_mean,0.8811111111111111
1988-05-06,Q1,mg_mean,2.183
1988-05-06,Q1,ca_mean,2.985
1988-05-06,Q1,nh4_mean,90.625
1988-05-06,Q1,no3_mean,157.5
1988-07-08,Q1,k_mean,0.7607692307692308
1988-07-08,Q1,mg_mean,1.9523076923076923
1988-07-08,Q1,ca_mean,2.686923076923077
1988-07-08,Q1,nh4_mean,15.5
1988-07-08,Q1,no3_mean,63
1988-09-09,Q1,k_mean,0.7925
1988-09-09,Q1,mg_mean,2.43875
1988-09-09,Q1,ca_mean,3.665
1988-09-09,Q1,nh4_mean,50.25
1988-09-09,Q1,no3_mean,140.55555555555554
1988-11-11,Q1,k_mean,0.8444444444444444
1988-11-11,Q1,mg_mean,2.3722222222222222
1988-11-11,Q1,ca_mean,4.15125
1988-11-11,Q1,nh4_mean,NA
1988-11-11,Q1,no3_mean,153.625
1989-01-13,Q1,k_mean,0.9088888888888889
1989-01-13,Q1,mg_mean,2.783333333333333
1989-01-13,Q1,ca_mean,4.293333333333333
1989-01-13,Q1,nh4_mean,NA
1989-01-13,Q1,no3_mean,130.11111111111111
1989-03-17,Q1,k_mean,0.8544444444444445
1989-03-17,Q1,mg_mean,2.738888888888889
1989-03-17,Q1,ca_mean,4.444444444444445
1989-03-17,Q1,nh4_mean,NA
1989-03-17,Q1,no3_mean,141.88888888888889
1989-05-19,Q1,k_mean,0.9477777777777777
1989-05-19,Q1,mg_mean,2.901111111111111
1989-05-19,Q1,ca_mean,4.5344444444444445
1989-05-19,Q1,nh4_mean,NA
1989-05-19,Q1,no3_mean,123
1989-07-21,Q1,k_mean,0.9275
1989-07-21,Q1,mg_mean,2.6675
1989-07-21,Q1,ca_mean,4.0625
1989-07-21,Q1,nh4_mean,NA
1989-07-21,Q1,no3_mean,99.57142857142857
1989-09-22,Q1,k_mean,1.2953846153846154
1989-09-22,Q1,mg_mean,2.970833333333333
1989-09-22,Q1,ca_mean,4.2
1989-09-22,Q1,nh4_mean,NA
1989-09-22,Q1,no3_mean,365
1989-11-24,Q1,k_mean,1.1466666666666667
1989-11-24,Q1,mg_mean,3.2266666666666666
1989-11-24,Q1,ca_mean,5.8566666666666665
1989-11-24,Q1,nh4_mean,NA
1989-11-24,Q1,no3_mean,99
1990-01-26,Q1,k_mean,1.2344444444444445
1990-01-26,Q1,mg_mean,3.1666666666666665
1990-01-26,Q1,ca_mean,5.546666666666667
1990-01-26,Q1,nh4_mean,NA
1990-01-26,Q1,no3_mean,211.375
1990-03-30,Q1,k_mean,1.3628571428571428
1990-03-30,Q1,mg_mean,2.5492857142857144
1990-03-30,Q1,ca_mean,4.312857142857143
1990-03-30,Q1,nh4_mean,NA
1990-03-30,Q1,no3_mean,450.3076923076923
1990-06-01,Q1,k_mean,1.1555555555555554
1990-06-01,Q1,mg_mean,3.2333333333333334
1990-06-01,Q1,ca_mean,5.4944444444444445
1990-06-01,Q1,nh4_mean,NA
1990-06-01,Q1,no3_mean,143.77777777777777
1990-08-03,Q1,k_mean,0.8844444444444445
1990-08-03,Q1,mg_mean,3.2688888888888887
1990-08-03,Q1,ca_mean,5.841111111111111
1990-08-03,Q1,nh4_mean,NA
1990-08-03,Q1,no3_mean,80.83333333333333
1990-10-05,Q1,k_mean,1.007
1990-10-05,Q1,mg_mean,2.832
1990-10-05,Q1,ca_mean,4.603
1990-10-05,Q1,nh4_mean,NA
1990-10-05,Q1,no3_mean,108.5
1990-12-07,Q1,k_mean,0.983
1990-12-07,Q1,mg_mean,2.988
1990-12-07,Q1,ca_mean,5.297
1990-12-07,Q1,nh4_mean,NA
1990-12-07,Q1,no3_mean,155.375
1991-02-08,Q1,k_mean,0.8122222222222223
1991-02-08,Q1,mg_mean,3.16
1991-02-08,Q1,ca_mean,5.701111111111111
1991-02-08,Q1,nh4_mean,NA
1991-02-08,Q1,no3_mean,70.66666666666667
1991-04-12,Q1,k_mean,0.923
1991-04-12,Q1,mg_mean,2.9539999999999997
1991-04-12,Q1,ca_mean,5.176
1991-04-12,Q1,nh4_mean,NA
1991-04-12,Q1,no3_mean,43.77777777777778
1991-06-14,Q1,k_mean,0.7644444444444445
1991-06-14,Q1,mg_mean,3.3777777777777778
1991-06-14,Q1,ca_mean,5.622222222222223
1991-06-14,Q1,nh4_mean,NA
1991-06-14,Q1,no3_mean,32.42857142857143
1991-08-16,Q1,k_mean,1.165
1991-08-16,Q1,mg_mean,3.614
1991-08-16,Q1,ca_mean,5.84
1991-08-16,Q1,nh4_mean,NA
1991-08-16,Q1,no3_mean,63.5
1991-10-18,Q1,k_mean,1.1483333333333334
1991-10-18,Q1,mg_mean,2.685833333333333
1991-10-18,Q1,ca_mean,4.1425
1991-10-18,Q1,nh4_mean,NA
1991-10-18,Q1,no3_mean,118.16666666666667
1991-12-20,Q1,k_mean,1.221
1991-12-20,Q1,mg_mean,3.004
1991-12-20,Q1,ca_mean,5.06
1991-12-20,Q1,nh4_mean,NA
1991-12-20,Q1,no3_mean,184.55555555555554
1992-02-21,Q1,k_mean,1.1111111111111112
1992-02-21,Q1,mg_mean,3.578888888888889
1992-02-21,Q1,ca_mean,6.308888888888889
1992-02-21,Q1,nh4_mean,NA
1992-02-21,Q1,no3_mean,79.75
1992-04-24,Q1,k_mean,1.031111111111111
1992-04-24,Q1,mg_mean,2.59
1992-04-24,Q1,ca_mean,4.303333333333334
1992-04-24,Q1,nh4_mean,NA
1992-04-24,Q1,no3_mean,57.125
1992-06-26,Q1,k_mean,1.1466666666666667
1992-06-26,Q1,mg_mean,3.2455555555555557
1992-06-26,Q1,ca_mean,5.6066666666666665
1992-06-26,Q1,nh4_mean,NA
1992-06-26,Q1,no3_mean,140.625
1992-08-28,Q1,k_mean,1.0655555555555556
1992-08-28,Q1,mg_mean,3.517777777777778
1992-08-28,Q1,ca_mean,6.2
1992-08-28,Q1,nh4_mean,NA
1992-08-28,Q1,no3_mean,67.71428571428571
1992-10-30,Q1,k_mean,0.9622222222222222
1992-10-30,Q1,mg_mean,2.4955555555555557
1992-10-30,Q1,ca_mean,4.543333333333333
1992-10-30,Q1,nh4_mean,NA
1992-10-30,Q1,no3_mean,33
1993-01-01,Q1,k_mean,1.1344444444444444
1993-01-01,Q1,mg_mean,3.181111111111111
1993-01-01,Q1,ca_mean,4.975555555555555
1993-01-01,Q1,nh4_mean,NA
1993-01-01,Q1,no3_mean,20
1993-03-05,Q1,k_mean,1.1744444444444444
1993-03-05,Q1,mg_mean,3.671111111111111
1993-03-05,Q1,ca_mean,5.795555555555556
1993-03-05,Q1,nh4_mean,NA
1993-03-05,Q1,no3_mean,137.11111111111111
1993-05-07,Q1,k_mean,1.1577777777777778
1993-05-07,Q1,mg_mean,3.2222222222222223
1993-05-07,Q1,ca_mean,5.611111111111111
1993-05-07,Q1,nh4_mean,NA
1993-05-07,Q1,no3_mean,28.333333333333332
1993-07-09,Q1,k_mean,1.0033333333333334
1993-07-09,Q1,mg_mean,3.013333333333333
1993-07-09,Q1,ca_mean,5.467777777777778
1993-07-09,Q1,nh4_mean,NA
1993-07-09,Q1,no3_mean,44.6
1993-09-10,Q1,k_mean,1.1211111111111112
1993-09-10,Q1,mg_mean,3.3266666666666667
1993-09-10,Q1,ca_mean,5.921111111111111
1993-09-10,Q1,nh4_mean,NA
1993-09-10,Q1,no3_mean,28.333333333333332
1993-11-12,Q1,k_mean,1.18
1993-11-12,Q1,mg_mean,3.1688888888888886
1993-11-12,Q1,ca_mean,5.688888888888889
1993-11-12,Q1,nh4_mean,NA
1993-11-12,Q1,no3_mean,22.166666666666668
1994-01-14,Q1,k_mean,1.0055555555555555
1994-01-14,Q1,mg_mean,2.951111111111111
1994-01-14,Q1,ca_mean,5.302222222222222
1994-01-14,Q1,nh4_mean,NA
1994-01-14,Q1,no3_mean,13.5
1994-03-18,Q1,k_mean,1.051111111111111
1994-03-18,Q1,mg_mean,3.347777777777778
1994-03-18,Q1,ca_mean,6.14
1994-03-18,Q1,nh4_mean,NA
1994-03-18,Q1,no3_mean,65.66666666666667
1994-05-20,Q1,k_mean,1.21
1994-05-20,Q1,mg_mean,3.85
1994-05-20,Q1,ca_mean,6.785
1994-05-20,Q1,nh4_mean,NA
1994-05-20,Q1,no3_mean,51.22222222222222
1994-07-22,Q1,k_mean,1.2377777777777779
1994-07-22,Q1,mg_mean,3.398888888888889
1994-07-22,Q1,ca_mean,6.015555555555555
1994-07-22,Q1,nh4_mean,NA
1994-07-22,Q1,no3_mean,NA
1994-09-23,Q1,k_mean,1.12
1994-09-23,Q1,mg_mean,3.183333333333333
1994-09-23,Q1,ca_mean,5.921111111111111
1994-09-23,Q1,nh4_mean,NA
1994-09-23,Q1,no3_mean,NA
1994-11-25,Q1,k_mean,1.09375
1994-11-25,Q1,mg_mean,3.1375
1994-11-25,Q1,ca_mean,5.74
1994-11-25,Q1,nh4_mean,NA
1994-11-25,Q1,no3_mean,109
1988-01-01,Q2,k_mean,0.8672222222222222
1988-01-01,Q2,mg_mean,2.11
1988-01-01,Q2,ca_mean,4.415555555555556
1988-01-01,Q2,nh4_mean,18.5
1988-01-01,Q2,no3_mean,239.1875
1988-03-04,Q2,k_mean,0.7833333333333333
1988-03-04,Q2,mg_mean,2.316666666666667
1988-03-04,Q2,ca_mean,4.243333333333333
1988-03-04,Q2,nh4_mean,27.142857142857142
1988-03-04,Q2,no3_mean,192.33333333333334
1988-05-06,Q2,k_mean,0.7969999999999999
1988-05-06,Q2,mg_mean,2.119
1988-05-06,Q2,ca_mean,3.587
1988-05-06,Q2,nh4_mean,74.42857142857143
1988-05-06,Q2,no3_mean,239.33333333333334
1988-07-08,Q2,k_mean,0.7846666666666666
1988-07-08,Q2,mg_mean,2.0286666666666666
1988-07-08,Q2,ca_mean,3.446
1988-07-08,Q2,nh4_mean,14
1988-07-08,Q2,no3_mean,178.33333333333334
1988-09-09,Q2,k_mean,0.77
1988-09-09,Q2,mg_mean,2.37
1988-09-09,Q2,ca_mean,4.55
1988-09-09,Q2,nh4_mean,47
1988-09-09,Q2,no3_mean,205
1988-11-11,Q2,k_mean,0.8722222222222222
1988-11-11,Q2,mg_mean,2.3633333333333333
1988-11-11,Q2,ca_mean,4.161111111111111
1988-11-11,Q2,nh4_mean,NA
1988-11-11,Q2,no3_mean,220.66666666666666
1989-01-13,Q2,k_mean,0.9011111111111111
1989-01-13,Q2,mg_mean,2.52
1989-01-13,Q2,ca_mean,4.592222222222222
1989-01-13,Q2,nh4_mean,NA
1989-01-13,Q2,no3_mean,232.8
1989-03-17,Q2,k_mean,0.8766666666666667
1989-03-17,Q2,mg_mean,2.8766666666666665
1989-03-17,Q2,ca_mean,4.467777777777778
1989-03-17,Q2,nh4_mean,NA
1989-03-17,Q2,no3_mean,190.55555555555554
1989-05-19,Q2,k_mean,0.9522222222222222
1989-05-19,Q2,mg_mean,2.5166666666666666
1989-05-19,Q2,ca_mean,4.615555555555556
1989-05-19,Q2,nh4_mean,NA
1989-05-19,Q2,no3_mean,166.66666666666666
1989-07-21,Q2,k_mean,0.995
1989-07-21,Q2,mg_mean,2.545
1989-07-21,Q2,ca_mean,4.9075
1989-07-21,Q2,nh4_mean,NA
1989-07-21,Q2,no3_mean,143.25
1989-09-22,Q2,k_mean,1.4284615384615384
1989-09-22,Q2,mg_mean,2.9316666666666666
1989-09-22,Q2,ca_mean,5.4175
1989-09-22,Q2,nh4_mean,NA
1989-09-22,Q2,no3_mean,419.1111111111111
1989-11-24,Q2,k_mean,1.2066666666666666
1989-11-24,Q2,mg_mean,3.1233333333333335
1989-11-24,Q2,ca_mean,6.613333333333333
1989-11-24,Q2,nh4_mean,NA
1989-11-24,Q2,no3_mean,239.25
1990-01-26,Q2,k_mean,1.3388888888888888
1990-01-26,Q2,mg_mean,3.0522222222222224
1990-01-26,Q2,ca_mean,6.53
1990-01-26,Q2,nh4_mean,NA
1990-01-26,Q2,no3_mean,188
1990-03-30,Q2,k_mean,1.3635714285714287
1990-03-30,Q2,mg_mean,2.4907142857142857
1990-03-30,Q2,ca_mean,5.1971428571428575
1990-03-30,Q2,nh4_mean,NA
1990-03-30,Q2,no3_mean,466.7692307692308
1990-06-01,Q2,k_mean,1.1311111111111112
1990-06-01,Q2,mg_mean,3.2088888888888887
1990-06-01,Q2,ca_mean,6.776666666666666
1990-06-01,Q2,nh4_mean,NA
1990-06-01,Q2,no3_mean,232.77777777777777
1990-08-03,Q2,k_mean,0.9255555555555556
1990-08-03,Q2,mg_mean,3.2244444444444444
1990-08-03,Q2,ca_mean,7.187777777777778
1990-08-03,Q2,nh4_mean,NA
1990-08-03,Q2,no3_mean,121.11111111111111
1990-10-05,Q2,k_mean,0.901
1990-10-05,Q2,mg_mean,2.712
1990-10-05,Q2,ca_mean,5.773
1990-10-05,Q2,nh4_mean,NA
1990-10-05,Q2,no3_mean,164.7
1990-12-07,Q2,k_mean,0.998
1990-12-07,Q2,mg_mean,3.08
1990-12-07,Q2,ca_mean,6.782
1990-12-07,Q2,nh4_mean,NA
1990-12-07,Q2,no3_mean,182.11111111111111
1991-02-08,Q2,k_mean,0.8255555555555556
1991-02-08,Q2,mg_mean,2.953333333333333
1991-02-08,Q2,ca_mean,6.815555555555555
1991-02-08,Q2,nh4_mean,NA
1991-02-08,Q2,no3_mean,151.75
1991-04-12,Q2,k_mean,1.0090000000000001
1991-04-12,Q2,mg_mean,2.834
1991-04-12,Q2,ca_mean,4.025
1991-04-12,Q2,nh4_mean,NA
1991-04-12,Q2,no3_mean,35
1991-06-14,Q2,k_mean,0.9955555555555555
1991-06-14,Q2,mg_mean,3.201111111111111
1991-06-14,Q2,ca_mean,5.316666666666666
1991-06-14,Q2,nh4_mean,NA
1991-06-14,Q2,no3_mean,81
1991-08-16,Q2,k_mean,1.42
1991-08-16,Q2,mg_mean,2.986
1991-08-16,Q2,ca_mean,6.027
1991-08-16,Q2,nh4_mean,NA
1991-08-16,Q2,no3_mean,88.2
1991-10-18,Q2,k_mean,1.2725
1991-10-18,Q2,mg_mean,2.6675
1991-10-18,Q2,ca_mean,4.571666666666666
1991-10-18,Q2,nh4_mean,NA
1991-10-18,Q2,no3_mean,221.08333333333334
1991-12-20,Q2,k_mean,1.301
1991-12-20,Q2,mg_mean,2.956
1991-12-20,Q2,ca_mean,5.949
1991-12-20,Q2,nh4_mean,NA
1991-12-20,Q2,no3_mean,284.9
1992-02-21,Q2,k_mean,1.1222222222222222
1992-02-21,Q2,mg_mean,3.121111111111111
1992-02-21,Q2,ca_mean,5.852222222222222
1992-02-21,Q2,nh4_mean,NA
1992-02-21,Q2,no3_mean,88.125
1992-04-24,Q2,k_mean,1.2466666666666666
1992-04-24,Q2,mg_mean,2.482222222222222
1992-04-24,Q2,ca_mean,5.24
1992-04-24,Q2,nh4_mean,NA
1992-04-24,Q2,no3_mean,124.875
1992-06-26,Q2,k_mean,1.23
1992-06-26,Q2,mg_mean,3.26
1992-06-26,Q2,ca_mean,6.88
1992-06-26,Q2,nh4_mean,NA
1992-06-26,Q2,no3_mean,108.22222222222223
1992-08-28,Q2,k_mean,1.2677777777777777
1992-08-28,Q2,mg_mean,3.1655555555555557
1992-08-28,Q2,ca_mean,6.641111111111111
1992-08-28,Q2,nh4_mean,NA
1992-08-28,Q2,no3_mean,49.125
1992-10-30,Q2,k_mean,1.2144444444444444
1992-10-30,Q2,mg_mean,2.6044444444444443
1992-10-30,Q2,ca_mean,5.694444444444445
1992-10-30,Q2,nh4_mean,NA
1992-10-30,Q2,no3_mean,66.28571428571429
1993-01-01,Q2,k_mean,1.27
1993-01-01,Q2,mg_mean,3.181111111111111
1993-01-01,Q2,ca_mean,6.49
1993-01-01,Q2,nh4_mean,NA
1993-01-01,Q2,no3_mean,135
1993-03-05,Q2,k_mean,1.3044444444444445
1993-03-05,Q2,mg_mean,3.243333333333333
1993-03-05,Q2,ca_mean,6.347777777777778
1993-03-05,Q2,nh4_mean,NA
1993-03-05,Q2,no3_mean,144
1993-05-07,Q2,k_mean,1.468888888888889
1993-05-07,Q2,mg_mean,2.9611111111111112
1993-05-07,Q2,ca_mean,6.171111111111111
1993-05-07,Q2,nh4_mean,NA
1993-05-07,Q2,no3_mean,72.75
1993-07-09,Q2,k_mean,1.4122222222222223
1993-07-09,Q2,mg_mean,3.1777777777777776
1993-07-09,Q2,ca_mean,7.205555555555556
1993-07-09,Q2,nh4_mean,NA
1993-07-09,Q2,no3_mean,23.5
1993-09-10,Q2,k_mean,1.33
1993-09-10,Q2,mg_mean,2.8533333333333335
1993-09-10,Q2,ca_mean,6.414444444444444
1993-09-10,Q2,nh4_mean,NA
1993-09-10,Q2,no3_mean,55.333333333333336
1993-11-12,Q2,k_mean,1.4
1993-11-12,Q2,mg_mean,2.6155555555555554
1993-11-12,Q2,ca_mean,6.371111111111111
1993-11-12,Q2,nh4_mean,NA
1993-11-12,Q2,no3_mean,56.666666666666664
1994-01-14,Q2,k_mean,1.3533333333333333
1994-01-14,Q2,mg_mean,2.828888888888889
1994-01-14,Q2,ca_mean,5.916666666666667
1994-01-14,Q2,nh4_mean,NA
1994-01-14,Q2,no3_mean,12.333333333333334
1994-03-18,Q2,k_mean,1.2733333333333334
1994-03-18,Q2,mg_mean,3.0566666666666666
1994-03-18,Q2,ca_mean,6.77
1994-03-18,Q2,nh4_mean,NA
1994-03-18,Q2,no3_mean,30.166666666666668
1994-05-20,Q2,k_mean,1.46125
1994-05-20,Q2,mg_mean,3.11875
1994-05-20,Q2,ca_mean,6.51
1994-05-20,Q2,nh4_mean,NA
1994-05-20,Q2,no3_mean,87.625
1994-07-22,Q2,k_mean,0.9500000000000001
1994-07-22,Q2,mg_mean,1.9333333333333331
1994-07-22,Q2,ca_mean,3.913333333333333
1994-07-22,Q2,nh4_mean,NA
1994-07-22,Q2,no3_mean,NA
1994-09-23,Q2,k_mean,1.2125
1994-09-23,Q2,mg_mean,2.125
1994-09-23,Q2,ca_mean,4.5125
1994-09-23,Q2,nh4_mean,NA
1994-09-23,Q2,no3_mean,NA
1994-11-25,Q2,k_mean,1.1724999999999999
1994-11-25,Q2,mg_mean,2.7875
1994-11-25,Q2,ca_mean,5.89375
1994-11-25,Q2,nh4_mean,NA
1994-11-25,Q2,no3_mean,NA
1988-01-01,Q3,k_mean,0.728
1988-01-01,Q3,mg_mean,2.556
1988-01-01,Q3,ca_mean,3.3953333333333333
1988-01-01,Q3,nh4_mean,33.1764705882353
1988-01-01,Q3,no3_mean,165.4375
1988-03-04,Q3,k_mean,0.5555555555555556
1988-03-04,Q3,mg_mean,2.6144444444444446
1988-03-04,Q3,ca_mean,3.4766666666666666
1988-03-04,Q3,nh4_mean,26.333333333333332
1988-03-04,Q3,no3_mean,205.22222222222223
1988-05-06,Q3,k_mean,0.688
1988-05-06,Q3,mg_mean,2.339
1988-05-06,Q3,ca_mean,2.613
1988-05-06,Q3,nh4_mean,59.57142857142857
1988-05-06,Q3,no3_mean,196
1988-07-08,Q3,k_mean,0.6328571428571429
1988-07-08,Q3,mg_mean,2.2592857142857143
1988-07-08,Q3,ca_mean,2.710714285714286
1988-07-08,Q3,nh4_mean,28.6
1988-07-08,Q3,no3_mean,134.66666666666666
1988-09-09,Q3,k_mean,0.6275
1988-09-09,Q3,mg_mean,2.48875
1988-09-09,Q3,ca_mean,3.33125
1988-09-09,Q3,nh4_mean,41.75
1988-09-09,Q3,no3_mean,168.25
1988-11-11,Q3,k_mean,0.7366666666666667
1988-11-11,Q3,mg_mean,2.66
1988-11-11,Q3,ca_mean,3.815
1988-11-11,Q3,nh4_mean,NA
1988-11-11,Q3,no3_mean,191.33333333333334
1989-01-13,Q3,k_mean,0.7688888888888888
1989-01-13,Q3,mg_mean,2.8033333333333332
1989-01-13,Q3,ca_mean,3.801111111111111
1989-01-13,Q3,nh4_mean,NA
1989-01-13,Q3,no3_mean,163.66666666666666
1989-03-17,Q3,k_mean,0.7344444444444445
1989-03-17,Q3,mg_mean,2.7355555555555555
1989-03-17,Q3,ca_mean,3.9033333333333333
1989-03-17,Q3,nh4_mean,NA
1989-03-17,Q3,no3_mean,164.66666666666666
1989-05-19,Q3,k_mean,0.7511111111111111
1989-05-19,Q3,mg_mean,2.8066666666666666
1989-05-19,Q3,ca_mean,3.7533333333333334
1989-05-19,Q3,nh4_mean,NA
1989-05-19,Q3,no3_mean,92.22222222222223
1989-07-21,Q3,k_mean,0.8
1989-07-21,Q3,mg_mean,2.41
1989-07-21,Q3,ca_mean,3.65125
1989-07-21,Q3,nh4_mean,NA
1989-07-21,Q3,no3_mean,155.875
1989-09-22,Q3,k_mean,1.426153846153846
1989-09-22,Q3,mg_mean,3.2675
1989-09-22,Q3,ca_mean,3.5933333333333333
1989-09-22,Q3,nh4_mean,NA
1989-09-22,Q3,no3_mean,444.625
1989-11-24,Q3,k_mean,1.268888888888889
1989-11-24,Q3,mg_mean,3.5666666666666664
1989-11-24,Q3,ca_mean,5.1433333333333335
1989-11-24,Q3,nh4_mean,NA
1989-11-24,Q3,no3_mean,218.625
1990-01-26,Q3,k_mean,1.4522222222222223
1990-01-26,Q3,mg_mean,3.3755555555555556
1990-01-26,Q3,ca_mean,4.81
1990-01-26,Q3,nh4_mean,NA
1990-01-26,Q3,no3_mean,381.77777777777777
1990-03-30,Q3,k_mean,1.3478571428571429
1990-03-30,Q3,mg_mean,2.6742857142857144
1990-03-30,Q3,ca_mean,3.6885714285714286
1990-03-30,Q3,nh4_mean,NA
1990-03-30,Q3,no3_mean,352.3076923076923
1990-06-01,Q3,k_mean,1.1855555555555555
1990-06-01,Q3,mg_mean,3.3677777777777775
1990-06-01,Q3,ca_mean,4.614444444444445
1990-06-01,Q3,nh4_mean,NA
1990-06-01,Q3,no3_mean,224.25
1990-08-03,Q3,k_mean,0.9944444444444445
1990-08-03,Q3,mg_mean,3.4522222222222223
1990-08-03,Q3,ca_mean,5.593333333333334
1990-08-03,Q3,nh4_mean,NA
1990-08-03,Q3,no3_mean,151.77777777777777
1990-10-05,Q3,k_mean,0.9339999999999999
1990-10-05,Q3,mg_mean,2.934
1990-10-05,Q3,ca_mean,5.102
1990-10-05,Q3,nh4_mean,NA
1990-10-05,Q3,no3_mean,155.11111111111111
1990-12-07,Q3,k_mean,0.9460000000000001
1990-12-07,Q3,mg_mean,3.08
1990-12-07,Q3,ca_mean,4.6770000000000005
1990-12-07,Q3,nh4_mean,NA
1990-12-07,Q3,no3_mean,170.625
1991-02-08,Q3,k_mean,0.7733333333333333
1991-02-08,Q3,mg_mean,3.8455555555555554
1991-02-08,Q3,ca_mean,4.828888888888889
1991-02-08,Q3,nh4_mean,NA
1991-02-08,Q3,no3_mean,160.22222222222223
1991-04-12,Q3,k_mean,0.897
1991-04-12,Q3,mg_mean,3.23
1991-04-12,Q3,ca_mean,4.237
1991-04-12,Q3,nh4_mean,NA
1991-04-12,Q3,no3_mean,51.75
1991-06-14,Q3,k_mean,0.8588888888888889
1991-06-14,Q3,mg_mean,3.535555555555556
1991-06-14,Q3,ca_mean,4.447777777777778
1991-06-14,Q3,nh4_mean,NA
1991-06-14,Q3,no3_mean,118.625
1991-08-16,Q3,k_mean,1.05
1991-08-16,Q3,mg_mean,3.249
1991-08-16,Q3,ca_mean,4.675
1991-08-16,Q3,nh4_mean,NA
1991-08-16,Q3,no3_mean,114.8
1991-10-18,Q3,k_mean,0.8883333333333333
1991-10-18,Q3,mg_mean,2.788333333333333
1991-10-18,Q3,ca_mean,3.7416666666666667
1991-10-18,Q3,nh4_mean,NA
1991-10-18,Q3,no3_mean,161.16666666666666
1991-12-20,Q3,k_mean,1.0050000000000001
1991-12-20,Q3,mg_mean,3.129
1991-12-20,Q3,ca_mean,4.877
1991-12-20,Q3,nh4_mean,NA
1991-12-20,Q3,no3_mean,185.3
1992-02-21,Q3,k_mean,1.12
1992-02-21,Q3,mg_mean,3.3511111111111114
1992-02-21,Q3,ca_mean,6.21
1992-02-21,Q3,nh4_mean,NA
1992-02-21,Q3,no3_mean,127.375
1992-04-24,Q3,k_mean,0.9355555555555556
1992-04-24,Q3,mg_mean,2.73
1992-04-24,Q3,ca_mean,4.054444444444444
1992-04-24,Q3,nh4_mean,NA
1992-04-24,Q3,no3_mean,115
1992-06-26,Q3,k_mean,1.1411111111111112
1992-06-26,Q3,mg_mean,3.263333333333333
1992-06-26,Q3,ca_mean,4.682222222222222
1992-06-26,Q3,nh4_mean,NA
1992-06-26,Q3,no3_mean,44.888888888888886
1992-08-28,Q3,k_mean,0.8933333333333333
1992-08-28,Q3,mg_mean,3.2177777777777776
1992-08-28,Q3,ca_mean,4.835555555555556
1992-08-28,Q3,nh4_mean,NA
1992-08-28,Q3,no3_mean,56.333333333333336
1992-10-30,Q3,k_mean,1.0977777777777777
1992-10-30,Q3,mg_mean,3.2466666666666666
1992-10-30,Q3,ca_mean,4.528888888888889
1992-10-30,Q3,nh4_mean,NA
1992-10-30,Q3,no3_mean,40.285714285714285
1993-01-01,Q3,k_mean,0.8122222222222223
1993-01-01,Q3,mg_mean,3.0211111111111113
1993-01-01,Q3,ca_mean,4.0377777777777775
1993-01-01,Q3,nh4_mean,NA
1993-01-01,Q3,no3_mean,207
1993-03-05,Q3,k_mean,0.8122222222222222
1993-03-05,Q3,mg_mean,3.571111111111111
1993-03-05,Q3,ca_mean,4.424444444444444
1993-03-05,Q3,nh4_mean,NA
1993-03-05,Q3,no3_mean,129.125
1993-05-07,Q3,k_mean,0.855
1993-05-07,Q3,mg_mean,3.0637499999999998
1993-05-07,Q3,ca_mean,4.31625
1993-05-07,Q3,nh4_mean,NA
1993-05-07,Q3,no3_mean,59
1993-07-09,Q3,k_mean,0.8355555555555556
1993-07-09,Q3,mg_mean,2.95
1993-07-09,Q3,ca_mean,4.687777777777778
1993-07-09,Q3,nh4_mean,NA
1993-07-09,Q3,no3_mean,102.83333333333333
1993-09-10,Q3,k_mean,0.8044444444444444
1993-09-10,Q3,mg_mean,3.0775
1993-09-10,Q3,ca_mean,4.526666666666666
1993-09-10,Q3,nh4_mean,NA
1993-09-10,Q3,no3_mean,43.666666666666664
1993-11-12,Q3,k_mean,0.8833333333333333
1993-11-12,Q3,mg_mean,2.7577777777777777
1993-11-12,Q3,ca_mean,4.225555555555555
1993-11-12,Q3,nh4_mean,NA
1993-11-12,Q3,no3_mean,32.333333333333336
1994-01-14,Q3,k_mean,0.8377777777777777
1994-01-14,Q3,mg_mean,2.973333333333333
1994-01-14,Q3,ca_mean,4.366666666666666
1994-01-14,Q3,nh4_mean,NA
1994-01-14,Q3,no3_mean,11
1994-03-18,Q3,k_mean,0.8622222222222222
1994-03-18,Q3,mg_mean,3.3666666666666667
1994-03-18,Q3,ca_mean,5.066666666666666
1994-03-18,Q3,nh4_mean,NA
1994-03-18,Q3,no3_mean,49
1994-05-20,Q3,k_mean,0.907
1994-05-20,Q3,mg_mean,3.657
1994-05-20,Q3,ca_mean,5.294
1994-05-20,Q3,nh4_mean,NA
1994-05-20,Q3,no3_mean,52.111111111111114
1994-07-22,Q3,k_mean,0.8433333333333334
1994-07-22,Q3,mg_mean,3.522222222222222
1994-07-22,Q3,ca_mean,4.98
1994-07-22,Q3,nh4_mean,NA
1994-07-22,Q3,no3_mean,NA
1994-09-23,Q3,k_mean,0.8644444444444445
1994-09-23,Q3,mg_mean,3.1544444444444446
1994-09-23,Q3,ca_mean,4.561111111111111
1994-09-23,Q3,nh4_mean,NA
1994-09-23,Q3,no3_mean,NA
1994-11-25,Q3,k_mean,0.8733333333333334
1994-11-25,Q3,mg_mean,3.3833333333333333
1994-11-25,Q3,ca_mean,4.626666666666667
1994-11-25,Q3,nh4_mean,NA
1994-11-25,Q3,no3_mean,NA
